{"inf": {"image#": 99996, "corr_in_instance": 4.661866474658987, "accu_instance": 0.6659809249512838, "accu_all_corr": 29313, "corr_distrb": {"_type": "histogram", "values": [2815, 0, 0, 0, 0, 0, 0, 0, 0, 5433, 0, 0, 0, 0, 0, 0, 0, 0, 14873, 0, 0, 0, 0, 0, 0, 0, 0, 10370, 0, 0, 0, 0, 0, 0, 0, 0, 8902, 0, 0, 0, 0, 0, 0, 0, 0, 10660, 0, 0, 0, 0, 0, 0, 0, 0, 17630, 0, 0, 0, 0, 0, 0, 0, 0, 29313], "bins": [0.0, 0.109375, 0.21875, 0.328125, 0.4375, 0.546875, 0.65625, 0.765625, 0.875, 0.984375, 1.09375, 1.203125, 1.3125, 1.421875, 1.53125, 1.640625, 1.75, 1.859375, 1.96875, 2.078125, 2.1875, 2.296875, 2.40625, 2.515625, 2.625, 2.734375, 2.84375, 2.953125, 3.0625, 3.171875, 3.28125, 3.390625, 3.5, 3.609375, 3.71875, 3.828125, 3.9375, 4.046875, 4.15625, 4.265625, 4.375, 4.484375, 4.59375, 4.703125, 4.8125, 4.921875, 5.03125, 5.140625, 5.25, 5.359375, 5.46875, 5.578125, 5.6875, 5.796875, 5.90625, 6.015625, 6.125, 6.234375, 6.34375, 6.453125, 6.5625, 6.671875, 6.78125, 6.890625, 7.0]}, "corr_inst": {"_type": "histogram", "values": [2815, 0, 0, 0, 5433, 0, 0, 0, 0, 14873, 0, 0, 0, 10370, 0, 0, 0, 0, 8902, 0, 0, 0, 10660, 0, 0, 0, 0, 17630, 0, 0, 0, 29313], "bins": [0.0, 0.21875, 0.4375, 0.65625, 0.875, 1.09375, 1.3125, 1.53125, 1.75, 1.96875, 2.1875, 2.40625, 2.625, 2.84375, 3.0625, 3.28125, 3.5, 3.71875, 3.9375, 4.15625, 4.375, 4.59375, 4.8125, 5.03125, 5.25, 5.46875, 5.6875, 5.90625, 6.125, 6.34375, 6.5625, 6.78125, 7.0]}, "upsample_method": "LR"}, "_runtime": 779, "_timestamp": 1619952765, "_step": 0}